"","recruit_location","zip_code"
"1","tucson",85719
"2","tucson",85721
"3","tucson",85716
"4","tucson",85726
"5","tucson",85702
"6","tucson",85703
"7","tucson",85717
"8","tucson",85720
"9","tucson",85722
"10","tucson",85723
"11","tucson",85724
"12","tucson",85725
"13","tucson",85728
"14","tucson",85731
"15","tucson",85732
"16","tucson",85733
"17","tucson",85734
"18","tucson",85740
"19","tucson",85744
"20","tucson",85751
"21","tucson",85752
"22","tucson",85754
"23","tucson",85775
"24","tucson",85701
"25","tucson",85705
"26","tucson",85712
"27","tucson",85709
"28","tucson",85711
"29","tucson",85718
"30","tucson",85713
"31","tucson",85714
"32","tucson",85745
"33","tucson",85708
"34","tucson",85704
"35","tucson",85715
"36","tucson",85750
"37","tucson",85710
"38","tucson",85741
"39","tucson",85707
"40","tucson",85730
"41","tucson",85737
"42","tucson",85652
"43","tucson",85749
"44","tucson",85706
"45","tucson",85757
"46","tucson",85756
"47","tucson",85743
"48","tucson",85748
"49","tucson",85742
"50","tucson",85746
"51","tucson",85619
"52","tucson",85755
"53","tucson",85747
"54","tucson",85739
"55","tucson",85738
"56","tucson",85654
"57","tucson",85629
"58","tucson",85658
"59","tucson",85735
"60","tucson",85641
"61","tucson",85623
"62","tucson",85622
"63","tucson",85614
"64","tucson",85653
"65","tucson",85145
"66","tucson",85618
"67","tucson",85602
"68","tucson",85631
"69","tucson",85637
"70","tucson",85645
"71","tucson",85736
"72","tucson",85640
"73","tucson",85646
"74","tucson",85141
"75","tucson",85192
"76","tucson",85627
"77","tucson",85630
"78","tucson",85633
"79","tucson",85601
"80","tucson",85611
"81","tucson",85616
"82","tucson",85648
"83","tucson",85131
"84","tucson",85135
"85","tucson",85621
"86","tucson",85609
"87","tucson",85123
"88","tucson",85132
"89","tucson",85624
"90","tucson",85613
"91","tucson",85137
"92","tucson",85191
"93","tucson",85639
"94","tucson",85670
"95","miami",33146
"96","miami",33114
"97","miami",33124
"98","miami",33233
"99","miami",33143
"100","miami",33222
"101","miami",33234
"102","miami",33133
"103","miami",33134
"104","miami",33255
"105","miami",33155
"106","miami",33145
"107","miami",33135
"108","miami",33144
"109","miami",33256
"110","miami",33283
"111","miami",33296
"112","miami",33156
"113","miami",33206
"114","miami",33126
"115","miami",33129
"116","miami",33125
"117","miami",33130
"118","miami",33173
"119","miami",33165
"120","miami",33128
"121","miami",33122
"122","miami",33191
"123","miami",33231
"124","miami",33131
"125","miami",33188
"126","miami",33195
"127","miami",33197
"128","miami",33238
"129","miami",33239
"130","miami",33242
"131","miami",33243
"132","miami",33245
"133","miami",33247
"134","miami",33257
"135","miami",33265
"136","miami",33266
"137","miami",33269
"138","miami",33299
"139","miami",33151
"140","miami",33152
"141","miami",33153
"142","miami",33163
"143","miami",33164
"144","miami",33101
"145","miami",33102
"146","miami",33111
"147","miami",33112
"148","miami",33116
"149","miami",33119
"150","miami",33136
"151","miami",33158
"152","miami",33174
"153","miami",33142
"154","miami",33149
"155","miami",33176
"156","miami",33199
"157","miami",33198
"158","miami",33172
"159","miami",33132
"160","miami",33010
"161","miami",33127
"162","miami",33166
"163","miami",33192
"164","miami",33109
"165","miami",33139
"166","miami",33183
"167","miami",33175
"168","miami",33137
"169","miami",33157
"170","miami",33184
"171","miami",33147
"172","miami",33011
"173","miami",33017
"174","miami",33002
"175","miami",33013
"176","miami",33150
"177","miami",33186
"178","miami",33182
"179","miami",33012
"180","miami",33140
"181","miami",33138
"182","miami",33189
"183","miami",33193
"184","miami",33106
"185","miami",33177
"186","miami",33190
"187","miami",33167
"188","miami",33185
"189","miami",33178
"190","miami",33194
"191","miami",33141
"192","miami",33016
"193","miami",33261
"194","miami",33168
"195","miami",33054
"196","miami",33014
"197","miami",33161
"198","miami",33181
"199","miami",33154
"200","miami",33032
"201","miami",33015
"202","miami",33162
"203","miami",33018
"204","miami",33169
"205","miami",33055
"206","miami",33056
"207","miami",33170
"208","miami",33187
"209","miami",33039
"210","miami",33160
"211","miami",33179
"212","miami",33280
"213","miami",33033
"214","miami",33025
"215","miami",33180
"216","miami",33027
"217","miami",33023
"218","miami",33009
"219","miami",33008
"220","miami",33031
"221","miami",33029
"222","miami",33196
"223","miami",33028
"224","miami",33026
"225","miami",33024
"226","miami",33021
"227","miami",33022
"228","miami",33081
"229","miami",33082
"230","miami",33083
"231","miami",33084
"232","miami",33090
"233","miami",33092
"234","miami",33020
"235","miami",33019
"236","miami",33330
"237","miami",33035
"238","miami",33329
"239","miami",33328
"240","miami",33314
"241","miami",33030
"242","miami",33331
"243","miami",33004
"244","miami",33312
"245","miami",33315
"246","miami",33324
"247","miami",33336
"248","miami",33332
"249","miami",33317
"250","miami",33325
"251","miami",33388
"252","miami",33326
"253","miami",33316
"254","miami",33337
"255","miami",33302
"256","miami",33303
"257","miami",33307
"258","miami",33310
"259","miami",33318
"260","miami",33320
"261","miami",33335
"262","miami",33338
"263","miami",33339
"264","miami",33340
"265","miami",33345
"266","miami",33346
"267","miami",33349
"268","miami",33394
"269","miami",33348
"270","miami",33355
"271","miami",33327
"272","miami",33301
"273","miami",33322
"274","miami",33313
"275","miami",33311
"276","miami",33304
"277","miami",33323
"278","miami",33305
"279","miami",33319
"280","miami",33359
"281","miami",33351
"282","miami",33306
"283","miami",33309
"284","miami",33334
"285","miami",33308
"286","miami",33321
"287","miami",33068
"288","miami",33071
"289","miami",33093
"290","miami",33097
"291","miami",33069
"292","miami",33060
"293","miami",33061
"294","miami",33077
"295","miami",33063
"296","miami",33066
"297","miami",33037
"298","miami",33075
"299","miami",33065
"300","miami",33062
"301","miami",33064
"302","miami",33074
"303","miami",33067
"304","miami",33073
"305","miami",33076
"306","miami",33034
"307","miami",33072
"308","miami",33442
"309","miami",33441
"310","miami",33443
"311","miami",33428
"312","miami",33433
"313","miami",33486
"314","miami",33432
"315","miami",33481
"316","miami",33497
"317","miami",33499
"318","miami",33427
"319","miami",33429
"320","miami",33434
"321","miami",33488
"322","miami",33431
"323","miami",33498
"324","miami",33496
"325","miami",33487
"326","miami",33446
"327","miami",33484
"328","miami",33070
"329","miami",33445
"330","miami",33444
"331","miami",33482
"332","miami",33448
"333","miami",33483
"334","miami",33473
"335","miami",33437
"336","miami",33472
"337","miami",33436
"338","miami",34141
"339","miami",33435
"340","miami",33426
"341","miami",33474
"342","miami",33424
"343","miami",33425
"344","miami",33110
"345","baltimore",21211
"346","baltimore",21217
"347","baltimore",21210
"348","baltimore",21218
"349","baltimore",21216
"350","baltimore",21201
"351","baltimore",21215
"352","baltimore",21212
"353","baltimore",21202
"354","baltimore",21203
"355","baltimore",21233
"356","baltimore",21241
"357","baltimore",21263
"358","baltimore",21264
"359","baltimore",21270
"360","baltimore",21273
"361","baltimore",21275
"362","baltimore",21278
"363","baltimore",21279
"364","baltimore",21281
"365","baltimore",21282
"366","baltimore",21287
"367","baltimore",21289
"368","baltimore",21290
"369","baltimore",21297
"370","baltimore",21298
"371","baltimore",21209
"372","baltimore",21251
"373","baltimore",21223
"374","baltimore",21213
"375","baltimore",21239
"376","baltimore",21231
"377","baltimore",21207
"378","baltimore",21252
"379","baltimore",21205
"380","baltimore",21214
"381","baltimore",21229
"382","baltimore",21230
"383","baltimore",21204
"384","baltimore",21235
"385","baltimore",21206
"386","baltimore",21139
"387","baltimore",21208
"388","baltimore",21284
"389","baltimore",21227
"390","baltimore",21285
"391","baltimore",21250
"392","baltimore",21094
"393","baltimore",21224
"394","baltimore",21022
"395","baltimore",21225
"396","baltimore",21286
"397","baltimore",21228
"398","baltimore",21153
"399","baltimore",21234
"400","baltimore",21093
"401","baltimore",21237
"402","baltimore",21244
"403","baltimore",21090
"404","baltimore",21236
"405","baltimore",21222
"406","baltimore",21226
"407","baltimore",21041
"408","baltimore",21043
"409","baltimore",21133
"410","baltimore",21065
"411","baltimore",21075
"412","baltimore",21240
"413","baltimore",21117
"414","baltimore",21031
"415","baltimore",21057
"416","baltimore",21221
"417","baltimore",21060
"418","baltimore",21030
"419","baltimore",21061
"420","baltimore",21062
"421","baltimore",21076
"422","baltimore",21092
"423","baltimore",21128
"424","baltimore",21163
"425","baltimore",21077
"426","baltimore",21131
"427","baltimore",21220
"428","baltimore",21045
"429","baltimore",21052
"430","baltimore",21219
"431","baltimore",21162
"432","baltimore",21082
"433","baltimore",21071
"434","baltimore",21136
"435","baltimore",21104
"436","baltimore",21051
"437","baltimore",21087
"438","baltimore",21042
"439","baltimore",21027
"440","baltimore",21144
"441","baltimore",21046
"442","baltimore",20794
"443","baltimore",21023
"444","baltimore",21156
"445","baltimore",21013
"446","baltimore",21152
"447","baltimore",21123
"448","baltimore",21044
"449","baltimore",21122
"450","baltimore",20701
"451","baltimore",21150
"452","baltimore",20763
"453","baltimore",21108
"454","baltimore",21020
"455","baltimore",21111
"456","baltimore",21085
"457","baltimore",21047
"458","baltimore",20723
"459","baltimore",21146
"460","baltimore",21794
"461","baltimore",21784
"462","baltimore",21018
"463","baltimore",20724
"464","baltimore",20755
"465","baltimore",21048
"466","baltimore",21010
"467","baltimore",21029
"468","baltimore",21155
"469","baltimore",20759
"470","baltimore",20709
"471","baltimore",20725
"472","baltimore",20726
"473","baltimore",21765
"474","baltimore",21113
"475","baltimore",20797
"476","baltimore",21040
"477","baltimore",21723
"478","baltimore",21056
"479","baltimore",20707
"480","baltimore",21032
"481","baltimore",20777
"482","baltimore",21036
"483","baltimore",21737
"484","baltimore",21054
"485","baltimore",21738
"486","baltimore",21014
"487","baltimore",21012
"488","baltimore",21009
"489","baltimore",21405
"490","baltimore",20866
"491","baltimore",20708
"492","baltimore",21050
"493","baltimore",21084
"494","baltimore",21114
"495","baltimore",21120
"496","baltimore",20862
"497","baltimore",20861
"498","baltimore",20868
"499","baltimore",21074
"500","baltimore",21161
"501","baltimore",21409
"502","baltimore",20717
"503","baltimore",20718
"504","baltimore",20719
"505","baltimore",20833
"506","baltimore",21797
"507","baltimore",21401
"508","baltimore",21017
"509","baltimore",20705
"510","baltimore",20715
"511","baltimore",21015
"512","baltimore",20905
"513","baltimore",20860
"514","baltimore",20720
"515","baltimore",21157
"516","baltimore",20704
"517","baltimore",21053
"518","baltimore",20697
"519","baltimore",21402
"520","baltimore",21130
"521","baltimore",21404
"522","baltimore",21411
"523","baltimore",21412
"524","baltimore",20769
"525","baltimore",20771
"526","baltimore",20768
"527","baltimore",20904
"528","baltimore",20830
"529","baltimore",21154
"530","baltimore",20914
"531","baltimore",20770
"532","baltimore",20832
"533","baltimore",21001
"534","baltimore",21140
"535","baltimore",21105
"536","baltimore",21102
"537","baltimore",21005
"538","baltimore",20790
"539","baltimore",20791
"540","baltimore",20731
"541","baltimore",21035
"542","baltimore",21661
"543","baltimore",21028
"544","baltimore",20740
"545","baltimore",20993
"546","baltimore",20703
"547","baltimore",20882
"548","baltimore",21132
"549","baltimore",21771
"550","baltimore",21403
"551","baltimore",20706
"552","baltimore",20897
"553","baltimore",21776
"554","baltimore",20716
"555","baltimore",20906
"556","baltimore",21037
"557","baltimore",20903
"558","baltimore",20742
"559","baltimore",20783
"560","baltimore",21088
"561","baltimore",20787
"562","baltimore",21678
"563","baltimore",20901
"564","baltimore",20741
"565","baltimore",20916
"566","baltimore",20853
"567","baltimore",20737
"568","baltimore",20784
"569","baltimore",20721
"570","baltimore",20902
"571","baltimore",21158
"572","baltimore",20855
"573","baltimore",20738
"574","baltimore",17355
"575","baltimore",21078
"576","baltimore",17361
"577","baltimore",20788
"578","baltimore",20782
"579","baltimore",17363
"580","baltimore",21610
"581","baltimore",20710
"582","baltimore",21160
"583","baltimore",20912
"584","baltimore",20774
"585","baltimore",20910
"586","baltimore",21792
"587","baltimore",20879
"588","baltimore",20785
"589","baltimore",17349
"590","baltimore",20997
"591","baltimore",20781
"592","baltimore",17352
"593","baltimore",21106
"594","baltimore",20886
"595","baltimore",20851
"596","baltimore",20907
"597","baltimore",20908
"598","baltimore",20911
"599","baltimore",20915
"600","baltimore",20918
"601","baltimore",20872
"602","baltimore",21667
"603","baltimore",17321
"604","baltimore",20891
"605","baltimore",20883
"606","baltimore",20913
"607","baltimore",20880
"608","baltimore",21620
"609","baltimore",21666
"610","baltimore",20895
"611","baltimore",21034
"612","baltimore",20896
"613","baltimore",21690
"614","baltimore",20776
"615","baltimore",17329
"616","baltimore",20877
"617","baltimore",20712
"618","baltimore",20722
"619","baltimore",20012
"620","baltimore",20852
"621","baltimore",20847
"622","baltimore",20848
"623","baltimore",20849
"624","baltimore",20857
"625","baltimore",17327
"626","baltimore",21791
"627","baltimore",21619
"628","baltimore",20511
"629","baltimore",20884
"630","baltimore",20885
"631","baltimore",20898
"632","baltimore",20899
"633","baltimore",20018
"634","baltimore",20799
"635","baltimore",20017
"636","baltimore",20876
"637","baltimore",21770
"638","baltimore",20011
"639","baltimore",20064
"640","baltimore",20743
"641","baltimore",20814
"642","baltimore",20815
"643","baltimore",20892
"644","baltimore",20015
"645","baltimore",20765
"646","baltimore",20778
"647","baltimore",20850
"648","baltimore",56915
"649","baltimore",20019
"650","baltimore",20002
"651","baltimore",21762
"652","baltimore",21774
"653","baltimore",21902
"654","baltimore",20010
"655","baltimore",20889
"656","baltimore",20894
"657","baltimore",20810
"658","baltimore",20811
"659","baltimore",20813
"660","baltimore",20824
"661","baltimore",20825
"662","baltimore",20827
"663","baltimore",17314
"664","baltimore",20059
"665","baltimore",21918
"666","baltimore",20033
"667","baltimore",20038
"668","baltimore",20871
"669","baltimore",20764
"670","baltimore",20417
"671","baltimore",20753
"672","baltimore",20001
"673","baltimore",20008
"674","baltimore",17311
"675","baltimore",20009
"676","baltimore",20426
"677","baltimore",20875
"678","baltimore",20747
"679","baltimore",20035
"680","baltimore",20090
"681","baltimore",21638
"682","baltimore",20022
"683","baltimore",21754
"684","baltimore",20013
"685","baltimore",21645
"686","baltimore",20066
"687","baltimore",20878
"688","baltimore",17302
"689","baltimore",20529
"690","baltimore",20817
"691","baltimore",20026
"692","baltimore",20027
"693","baltimore",20773
"694","baltimore",20792
"695","baltimore",21903
"696","baltimore",20775
"697","baltimore",20005
"698","baltimore",17342
"699","baltimore",20036
"700","baltimore",20003
"701","baltimore",20528
"702","baltimore",20016
"703","baltimore",20004
"704","baltimore",20711
"705","baltimore",20733
"706","baltimore",20752
"707","baltimore",21787
"708","baltimore",20189
"709","baltimore",56901
"710","baltimore",56920
"711","baltimore",20260
"712","baltimore",20812
"713","baltimore",20504
"714","baltimore",56904
"715","baltimore",56902
"716","baltimore",56945
"717","baltimore",21904
"718","baltimore",20029
"719","baltimore",20030
"720","baltimore",20039
"721","baltimore",20040
"722","baltimore",20042
"723","baltimore",20043
"724","baltimore",20044
"725","baltimore",20045
"726","baltimore",20047
"727","baltimore",20049
"728","baltimore",20053
"729","baltimore",20055
"730","baltimore",20056
"731","baltimore",20058
"732","baltimore",20060
"733","baltimore",20061
"734","baltimore",20062
"735","baltimore",20063
"736","baltimore",20065
"737","baltimore",20067
"738","baltimore",20068
"739","baltimore",20069
"740","baltimore",20070
"741","baltimore",20071
"742","baltimore",20073
"743","baltimore",20074
"744","baltimore",20075
"745","baltimore",20076
"746","baltimore",20077
"747","baltimore",20078
"748","baltimore",20080
"749","baltimore",20081
"750","baltimore",20082
"751","baltimore",20091
"752","baltimore",20201
"753","baltimore",20202
"754","baltimore",20203
"755","baltimore",20204
"756","baltimore",20206
"757","baltimore",20207
"758","baltimore",20208
"759","baltimore",20210
"760","baltimore",20211
"761","baltimore",20212
"762","baltimore",20213
"763","baltimore",20214
"764","baltimore",20215
"765","baltimore",20216
"766","baltimore",20217
"767","baltimore",20218
"768","baltimore",20219
"769","baltimore",20220
"770","baltimore",20221
"771","baltimore",20222
"772","baltimore",20223
"773","baltimore",20224
"774","baltimore",20226
"775","baltimore",20227
"776","baltimore",20228
"777","baltimore",20229
"778","baltimore",20230
"779","baltimore",20232
"780","baltimore",20233
"781","baltimore",20235
"782","baltimore",20237
"783","baltimore",20238
"784","baltimore",20239
"785","baltimore",20240
"786","baltimore",20241
"787","baltimore",20242
"788","baltimore",20244
"789","baltimore",20245
"790","baltimore",20250
"791","baltimore",20251
"792","baltimore",20261
"793","baltimore",20262
"794","baltimore",20265
"795","baltimore",20266
"796","baltimore",20268
"797","baltimore",20270
"798","baltimore",20277
"799","baltimore",20289
"800","baltimore",20299
"801","baltimore",20303
"802","baltimore",20306
"803","baltimore",20310
"804","baltimore",20317
"805","baltimore",20330
"806","baltimore",20340
"807","baltimore",20350
"808","baltimore",20355
"809","baltimore",20370
"810","baltimore",20373
"811","baltimore",20374
"812","baltimore",20376
"813","baltimore",20380
"814","baltimore",20388
"815","baltimore",20389
"816","baltimore",20390
"817","baltimore",20391
"818","baltimore",20392
"819","baltimore",20393
"820","baltimore",20394
"821","baltimore",20395
"822","baltimore",20398
"823","baltimore",20401
"824","baltimore",20402
"825","baltimore",20403
"826","baltimore",20404
"827","baltimore",20405
"828","baltimore",20406
"829","baltimore",20407
"830","baltimore",20408
"831","baltimore",20410
"832","baltimore",20411
"833","baltimore",20412
"834","baltimore",20413
"835","baltimore",20414
"836","baltimore",20415
"837","baltimore",20416
"838","baltimore",20418
"839","baltimore",20419
"840","baltimore",20420
"841","baltimore",20421
"842","baltimore",20422
"843","baltimore",20423
"844","baltimore",20424
"845","baltimore",20425
"846","baltimore",20427
"847","baltimore",20428
"848","baltimore",20429
"849","baltimore",20431
"850","baltimore",20433
"851","baltimore",20434
"852","baltimore",20435
"853","baltimore",20436
"854","baltimore",20437
"855","baltimore",20439
"856","baltimore",20440
"857","baltimore",20441
"858","baltimore",20442
"859","baltimore",20444
"860","baltimore",20447
"861","baltimore",20451
"862","baltimore",20453
"863","baltimore",20456
"864","baltimore",20460
"865","baltimore",20463
"866","baltimore",20468
"867","baltimore",20469
"868","baltimore",20470
"869","baltimore",20472
"870","baltimore",20501
"871","baltimore",20502
"872","baltimore",20503
"873","baltimore",20505
"874","baltimore",20506
"875","baltimore",20507
"876","baltimore",20509
"877","baltimore",20510
"878","baltimore",20515
"879","baltimore",20520
"880","baltimore",20523
"881","baltimore",20524
"882","baltimore",20525
"883","baltimore",20526
"884","baltimore",20527
"885","baltimore",20530
"886","baltimore",20531
"887","baltimore",20533
"888","baltimore",20534
"889","baltimore",20535
"890","baltimore",20536
"891","baltimore",20537
"892","baltimore",20538
"893","baltimore",20539
"894","baltimore",20540
"895","baltimore",20541
"896","baltimore",20542
"897","baltimore",20543
"898","baltimore",20544
"899","baltimore",20546
"900","baltimore",20547
"901","baltimore",20548
"902","baltimore",20549
"903","baltimore",20551
"904","baltimore",20552
"905","baltimore",20553
"906","baltimore",20554
"907","baltimore",20555
"908","baltimore",20557
"909","baltimore",20559
"910","baltimore",20560
"911","baltimore",20565
"912","baltimore",20566
"913","baltimore",20570
"914","baltimore",20571
"915","baltimore",20572
"916","baltimore",20573
"917","baltimore",20575
"918","baltimore",20576
"919","baltimore",20577
"920","baltimore",20578
"921","baltimore",20579
"922","baltimore",20580
"923","baltimore",20581
"924","baltimore",20585
"925","baltimore",20586
"926","baltimore",20590
"927","baltimore",20591
"928","baltimore",20593
"929","baltimore",20594
"930","baltimore",20597
"931","baltimore",20599
"932","baltimore",20020
"933","baltimore",20006
"934","baltimore",20500
"935","baltimore",20522
"936","baltimore",20254
"937","baltimore",20314
"938","baltimore",20318
"939","baltimore",20508
"940","baltimore",20052
"941","baltimore",20252
"942","baltimore",21917
"943","baltimore",20007
"944","baltimore",20746
"945","baltimore",20037
"946","baltimore",20816
"947","baltimore",20818
"948","baltimore",20874
"949","baltimore",20751
"950","baltimore",20521
"951","baltimore",21656
"952","baltimore",20057
"953","baltimore",20859
"954","baltimore",17360
"955","baltimore",56933
"956","baltimore",56944
"957","baltimore",56972
"958","baltimore",21757
"959","baltimore",17322
"960","baltimore",17331
"961","baltimore",17332
"962","baltimore",17333
"963","baltimore",17334
"964","baltimore",20841
"965","baltimore",17335
"966","baltimore",21759
"967","baltimore",20372
"968","baltimore",21617
"969","baltimore",20319
"970","baltimore",20301
"971","baltimore",21658
"972","baltimore",22209
"973","baltimore",21798
"974","baltimore",17362
"975","baltimore",17313
"976","baltimore",20024
"977","baltimore",20762
"978","baltimore",21701
"979","baltimore",21775
"980","baltimore",21623
"981","baltimore",20772
"982","baltimore",17563
"983","baltimore",17407
"984","baltimore",21919
"985","baltimore",20838
"986","baltimore",17309
"987","baltimore",20050
"988","baltimore",20854
"989","baltimore",22207
"990","baltimore",20748
"991","baltimore",21628
"992","baltimore",17344
"993","baltimore",22225
"994","baltimore",22211
"995","baltimore",22101
"996","baltimore",20757
"997","baltimore",21914
"998","baltimore",17518
"999","baltimore",22201
"1000","baltimore",22246
"1001","baltimore",22202
"1002","baltimore",20779
"1003","baltimore",21793
"1004","baltimore",21911
"1005","baltimore",17340
"1006","baltimore",21704
"1007","baltimore",21624
"1008","baltimore",17356
"1009","baltimore",22106
"1010","baltimore",20032
"1011","baltimore",22103
"1012","baltimore",22107
"1013","baltimore",22108
"1014","baltimore",22109
"1015","baltimore",22210
"1016","baltimore",22227
"1017","baltimore",21930
"1018","baltimore",22226
"1019","baltimore",22215
"1020","baltimore",22230
"1021","baltimore",22240
"1022","baltimore",22241
"1023","baltimore",22242
"1024","baltimore",22243
"1025","baltimore",22244
"1026","baltimore",22245
"1027","baltimore",22067
"1028","baltimore",22219
"1029","baltimore",22214
"1030","baltimore",22216
"1031","baltimore",22217
"1032","baltimore",20375
"1033","baltimore",22102
"1034","baltimore",22212
"1035","baltimore",21647
"1036","baltimore",21901
"1037","baltimore",17371
"1038","baltimore",22204
"1039","baltimore",22203
"1040","baltimore",17532
"1041","baltimore",20749
"1042","baltimore",20750
"1043","baltimore",17403
"1044","baltimore",22205
"1045","baltimore",20745
"1046","baltimore",22305
"1047","baltimore",20758
"1048","baltimore",20754
"1049","baltimore",22213
"1050","baltimore",21679
"1051","baltimore",21651
"1052","baltimore",22206
"1053","baltimore",21913
"1054","baltimore",21705
"1055","baltimore",21709
"1056","baltimore",21676
"1057","baltimore",20623
"1058","baltimore",22301
"1059","baltimore",22043
"1060","baltimore",21778
"1061","baltimore",17366
"1062","baltimore",22046
"1063","baltimore",22040
"1064","baltimore",22302
"1065","baltimore",22314
"1066","baltimore",22332
"1067","baltimore",22066
"1068","baltimore",22313
"1069","baltimore",22320
"1070","baltimore",22333
"1071","baltimore",22334
"1072","baltimore",21663
"1073","baltimore",22044
"1074","baltimore",21644
"1075","baltimore",20714
"1076","baltimore",21635
"1077","baltimore",22350
"1078","baltimore",21668
"1079","baltimore",21717
"1080","baltimore",22041
"1081","baltimore",20842
"1082","baltimore",17402
"1083","baltimore",22311
"1084","baltimore",17301
"1085","baltimore",20839
"1086","baltimore",19362
"1087","baltimore",21710
"1088","baltimore",22331
"1089","baltimore",17565
"1090","baltimore",22027
"1091","baltimore",21657
"1092","baltimore",20735
"1093","baltimore",22182
"1094","baltimore",17312
"1095","baltimore",17408
"1096","baltimore",21665
"1097","baltimore",17516
"1098","baltimore",17364
"1099","baltimore",21915
"1100","baltimore",22042
"1101","baltimore",21703
"1102","baltimore",17401
"1103","baltimore",20837
"1104","baltimore",17405
"1105","baltimore",21612
"1106","baltimore",22303
"1107","baltimore",21912
"1108","baltimore",20736
"1109","baltimore",22304
"1110","baltimore",20744
"1111","baltimore",21727
"1112","baltimore",22180
"1113","baltimore",21607
"1114","baltimore",22082
"1115","baltimore",22116
"1116","baltimore",22118
"1117","baltimore",22119
"1118","baltimore",20165
"1119","baltimore",22307
"1120","baltimore",20194
"1121","baltimore",20598
"1122","baltimore",22081
"1123","baltimore",21650
"1124","baltimore",22183
"1125","baltimore",22185
"1126","baltimore",22312
"1127","baltimore",17317
"1128","baltimore",21702
"1129","baltimore",20195
"1130","baltimore",20196
"1131","baltimore",22096
"1132","baltimore",22037
"1133","baltimore",17566
"1134","baltimore",17350
"1135","baltimore",20190
"1136","baltimore",22003
"1137","baltimore",21921
"1138","baltimore",17560
"1139","baltimore",21788
"1140","baltimore",22181
"1141","baltimore",22310
"1142","baltimore",21652
"1143","baltimore",20689
"1144","baltimore",22306
"1145","baltimore",17368
"1146","baltimore",20164
"1147","baltimore",21916
"1148","baltimore",20170
"1149","baltimore",20732
"1150","baltimore",21671
"1151","baltimore",22031
"1152","baltimore",21714
"1153","baltimore",21790
"1154","baltimore",21641
"1155","baltimore",21653
"1156","baltimore",22034
"1157","baltimore",17582
"1158","baltimore",21625
"1159","baltimore",20192
"1160","baltimore",21922
"1161","baltimore",20191
"1162","baltimore",22308
"1163","baltimore",22095
"1164","baltimore",17536
"1165","baltimore",17551
"1166","baltimore",21660
"1167","baltimore",22156
"1168","baltimore",22158
"1169","baltimore",22159
"1170","baltimore",22160
"1171","baltimore",22161
"1172","baltimore",17325
"1173","baltimore",19363
"1174","baltimore",21640
"1175","baltimore",22151
"1176","baltimore",22315
"1177","baltimore",21777
"1178","baltimore",22124
"1179","baltimore",17406
"1180","baltimore",17404
"1181","baltimore",20613
"1182","baltimore",17318
"1183","baltimore",20167
"1184","baltimore",20163
"1185","baltimore",17568
"1186","baltimore",20103
"1187","baltimore",20104
"1188","baltimore",21649
"1189","baltimore",21670
"1190","baltimore",17584
"1191","baltimore",17316
"1192","baltimore",20176
"1193","baltimore",21601
"1194","baltimore",21662
"1195","baltimore",21920
"1196","baltimore",19351
"1197","baltimore",20171
"1198","baltimore",22038
"1199","baltimore",22150
"1200","baltimore",22309
"1201","baltimore",22035
"1202","baltimore",17603
"1203","baltimore",22121
"1204","baltimore",17611
"1205","baltimore",20147
"1206","baltimore",20172
"1207","baltimore",21636
"1208","baltimore",22032
"1209","baltimore",20146
"1210","baltimore",20149
"1211","baltimore",20639
"1212","baltimore",20153
"1213","baltimore",22152
"1214","baltimore",17320
"1215","baltimore",17315
"1216","baltimore",21755
"1217","baltimore",20607
"1218","baltimore",17579
"1219","baltimore",22009
"1220","baltimore",22122
"1221","baltimore",21769
"1222","baltimore",21780
"1223","baltimore",22033
"1224","baltimore",17554
"1225","baltimore",17512
"1226","baltimore",17537
"1227","baltimore",20102
"1228","baltimore",20166
"1229","baltimore",17503
"1230","baltimore",19938
"1231","baltimore",22030
"1232","baltimore",19352
"1233","baltimore",17504
"1234","baltimore",17347
"1235","baltimore",20601
"1236","baltimore",22060
"1237","baltimore",20041
"1238","baltimore",22015
"1239","baltimore",20604
"1240","baltimore",20177
"1241","baltimore",20178
"1242","baltimore",21773
"1243","baltimore",19360
"1244","baltimore",22153
"1245","baltimore",17345
"1246","baltimore",21639
"1247","baltimore",17602
"1248","baltimore",17547
"1249","baltimore",17580
"1250","baltimore",20608
"1251","baltimore",17550
"1252","baltimore",19964
"1253","baltimore",20603
"1254","baltimore",17575
"1255","baltimore",21654
"1256","baltimore",17604
"1257","baltimore",17606
"1258","baltimore",17607
"1259","baltimore",17608
"1260","baltimore",17699
"1261","baltimore",17509
"1262","baltimore",20148
"1263","baltimore",17605
"1264","baltimore",17622
"1265","baltimore",19347
"1266","baltimore",19953
"1267","baltimore",19346
"1268","baltimore",17214
"1269","baltimore",19955
"1270","baltimore",21719
"1271","baltimore",20616
"1272","baltimore",17343
"1273","baltimore",21716
"1274","baltimore",19709
"1275","baltimore",17365
"1276","baltimore",20129
"1277","baltimore",17358
"1278","baltimore",17372
"1279","baltimore",19708
"1280","baltimore",19730
"1281","baltimore",19716
"1282","baltimore",20602
"1283","baltimore",19701
"1284","baltimore",20180
"1285","baltimore",19717
"1286","baltimore",20151
"1287","baltimore",19715
"1288","baltimore",17502
"1289","baltimore",21718
"1290","baltimore",17562
"1291","baltimore",19712
"1292","baltimore",19718
"1293","baltimore",19725
"1294","baltimore",19726
"1295","baltimore",19702
"1296","baltimore",19734
"1297","baltimore",22199
"1298","baltimore",22039
"1299","baltimore",19330
"1300","baltimore",20197
"1301","baltimore",17538
"1302","baltimore",19714
"1303","baltimore",17303
"1304","baltimore",17572
"1305","baltimore",19350
"1306","baltimore",20122
"1307","baltimore",17601
"1308","baltimore",17573
"1309","baltimore",17310
"1310","baltimore",17576
"1311","baltimore",21629
"1312","baltimore",22079
"1313","baltimore",21779
"1314","baltimore",20695
"1315","baltimore",21783
"1316","baltimore",17304
"1317","baltimore",17585
"1318","baltimore",17552
"1319","baltimore",21758
"1320","baltimore",21715
"1321","baltimore",17370
"1322","baltimore",20120
"1323","baltimore",19733
"1324","baltimore",21720
"1325","baltimore",20175
"1326","baltimore",19713
"1327","baltimore",19390
"1328","baltimore",17353
"1329","baltimore",21655
"1330","baltimore",17307
"1331","baltimore",17520
"1332","baltimore",19711
"1333","baltimore",20675
"1334","baltimore",21609
"1335","baltimore",19310
"1336","baltimore",20124
"1337","baltimore",17306
"1338","baltimore",17570
"1339","baltimore",17250
"1340","baltimore",20610
"1341","baltimore",20152
"1342","baltimore",20617
"1343","baltimore",22125
"1344","baltimore",17323
"1345","baltimore",22036
"1346","baltimore",20158
"1347","baltimore",17337
"1348","baltimore",20637
"1349","baltimore",20612
"1350","baltimore",21673
"1351","baltimore",17505
"1352","baltimore",19904
"1353","baltimore",20121
"1354","baltimore",17019
"1355","baltimore",17534
"1356","baltimore",19318
"1357","baltimore",20678
"1358","baltimore",22194
"1359","baltimore",22195
"1360","baltimore",17535
"1361","baltimore",20159
"1362","baltimore",19936
"1363","baltimore",17529
"1364","baltimore",17339
"1365","baltimore",19934
"1366","baltimore",21721
"1367","baltimore",17375
"1368","baltimore",21756
"1369","baltimore",20105
"1370","baltimore",17261
"1371","baltimore",20676
"1372","baltimore",19311
"1373","baltimore",22192
"1374","baltimore",21713
"1375","baltimore",19365
"1376","baltimore",17022
"1377","baltimore",17319
"1378","baltimore",20111
"1379","baltimore",19731
"1380","baltimore",19374
"1381","baltimore",20160
"1382","baltimore",17540
"1383","baltimore",21742
"1384","baltimore",20134
"1385","baltimore",19706
"1386","baltimore",19977
"1387","baltimore",19808
"1388","baltimore",17545
"1389","baltimore",17527
"1390","baltimore",22191
"1391","baltimore",20658
"1392","baltimore",17508
"1393","baltimore",19367
"1394","baltimore",17324
"1395","baltimore",19943
"1396","baltimore",20132
"1397","baltimore",17222
"1398","baltimore",17247
"1399","baltimore",17057
"1400","baltimore",20143
"1401","baltimore",20113
"1402","baltimore",20646
"1403","baltimore",20108
"1404","baltimore",19906
"1405","baltimore",19707
"1406","baltimore",19980
"1407","baltimore",19979
"1408","atlanta",30322
"1409","atlanta",30333
"1410","atlanta",30359
"1411","atlanta",30306
"1412","atlanta",30307
"1413","atlanta",30329
"1414","atlanta",30031
"1415","atlanta",30036
"1416","atlanta",30037
"1417","atlanta",30324
"1418","atlanta",30030
"1419","atlanta",30033
"1420","atlanta",30317
"1421","atlanta",30308
"1422","atlanta",30309
"1423","atlanta",31141
"1424","atlanta",31145
"1425","atlanta",31146
"1426","atlanta",31119
"1427","atlanta",30363
"1428","atlanta",30332
"1429","atlanta",30079
"1430","atlanta",30326
"1431","atlanta",30002
"1432","atlanta",30345
"1433","atlanta",30305
"1434","atlanta",30032
"1435","atlanta",30361
"1436","atlanta",30334
"1437","atlanta",30303
"1438","atlanta",31106
"1439","atlanta",31107
"1440","atlanta",31126
"1441","atlanta",31131
"1442","atlanta",31139
"1443","atlanta",31150
"1444","atlanta",31156
"1445","atlanta",31192
"1446","atlanta",31193
"1447","atlanta",31195
"1448","atlanta",31196
"1449","atlanta",30301
"1450","atlanta",30302
"1451","atlanta",30325
"1452","atlanta",30343
"1453","atlanta",30348
"1454","atlanta",30353
"1455","atlanta",30355
"1456","atlanta",30357
"1457","atlanta",30358
"1458","atlanta",30364
"1459","atlanta",30368
"1460","atlanta",30370
"1461","atlanta",30371
"1462","atlanta",30374
"1463","atlanta",30375
"1464","atlanta",30377
"1465","atlanta",30380
"1466","atlanta",30384
"1467","atlanta",30385
"1468","atlanta",30388
"1469","atlanta",30392
"1470","atlanta",30394
"1471","atlanta",30396
"1472","atlanta",30398
"1473","atlanta",30313
"1474","atlanta",30312
"1475","atlanta",39901
"1476","atlanta",30369
"1477","atlanta",30304
"1478","atlanta",30021
"1479","atlanta",30316
"1480","atlanta",30319
"1481","atlanta",30366
"1482","atlanta",30342
"1483","atlanta",30314
"1484","atlanta",30318
"1485","atlanta",30315
"1486","atlanta",30072
"1487","atlanta",30341
"1488","atlanta",30327
"1489","atlanta",30083
"1490","atlanta",30085
"1491","atlanta",30086
"1492","atlanta",30310
"1493","atlanta",30084
"1494","atlanta",30362
"1495","atlanta",30340
"1496","atlanta",30035
"1497","atlanta",30034
"1498","atlanta",30346
"1499","atlanta",30339
"1500","atlanta",30088
"1501","atlanta",30311
"1502","atlanta",30288
"1503","atlanta",30354
"1504","atlanta",30360
"1505","atlanta",30338
"1506","atlanta",30328
"1507","atlanta",30080
"1508","atlanta",30087
"1509","atlanta",30093
"1510","atlanta",30321
"1511","atlanta",30074
"1512","atlanta",30356
"1513","atlanta",30294
"1514","atlanta",30344
"1515","atlanta",30091
"1516","atlanta",30003
"1517","atlanta",30010
"1518","atlanta",30067
"1519","atlanta",30298
"1520","atlanta",30071
"1521","atlanta",30082
"1522","atlanta",30081
"1523","atlanta",30048
"1524","atlanta",30320
"1525","atlanta",30337
"1526","atlanta",30126
"1527","atlanta",30297
"1528","atlanta",30350
"1529","atlanta",30047
"1530","atlanta",30092
"1531","atlanta",30069
"1532","atlanta",30058
"1533","atlanta",30068
"1534","atlanta",30336
"1535","atlanta",30378
"1536","atlanta",30038
"1537","atlanta",30287
"1538","atlanta",30260
"1539","atlanta",30273
"1540","atlanta",30168
"1541","atlanta",30060
"1542","atlanta",30331
"1543","atlanta",30272
"1544","atlanta",31136
"1545","atlanta",30077
"1546","atlanta",30076
"1547","atlanta",30022
"1548","atlanta",30349
"1549","atlanta",30009
"1550","atlanta",30096
"1551","atlanta",30008
"1552","atlanta",30062
"1553","atlanta",30061
"1554","atlanta",30063
"1555","atlanta",30065
"1556","atlanta",30090
"1557","atlanta",30006
"1558","atlanta",30007
"1559","atlanta",30095
"1560","atlanta",30098
"1561","atlanta",30099
"1562","atlanta",30026
"1563","atlanta",30029
"1564","atlanta",30039
"1565","atlanta",30106
"1566","atlanta",30274
"1567","atlanta",30044
"1568","atlanta",30296
"1569","atlanta",30075
"1570","atlanta",30122
"1571","atlanta",30281
"1572","atlanta",30066
"1573","atlanta",30078
"1574","atlanta",30111
"1575","atlanta",30237
"1576","atlanta",30064
"1577","atlanta",30097
"1578","atlanta",30012
"1579","atlanta",30236
"1580","atlanta",30023
"1581","atlanta",30094
"1582","atlanta",30291
"1583","atlanta",30238
"1584","atlanta",30005
"1585","atlanta",30213
"1586","atlanta",30017
"1587","atlanta",30127
"1588","atlanta",30046
"1589","atlanta",30042
"1590","atlanta",30049
"1591","atlanta",30144
"1592","atlanta",30152
"1593","atlanta",30024
"1594","atlanta",30004
"1595","atlanta",30156
"1596","atlanta",30160
"1597","atlanta",30043
"1598","atlanta",30013
"1599","atlanta",30188
"1600","atlanta",30214
"1601","atlanta",30045
"1602","atlanta",30169
"1603","atlanta",30133
"1604","atlanta",30250
"1605","atlanta",30135
"1606","atlanta",30052
"1607","atlanta",30253
"1608","atlanta",30154
"1609","atlanta",30134
"1610","atlanta",30141
"1611","atlanta",30146
"1612","atlanta",30290
"1613","atlanta",30228
"1614","atlanta",30189
"1615","atlanta",30101
"1616","atlanta",30054
"1617","atlanta",30252
"1618","atlanta",30142
"1619","atlanta",30102
"1620","atlanta",30268
"1621","atlanta",30515
"1622","atlanta",30115
"1623","atlanta",30019
"1624","atlanta",30070
"1625","atlanta",30518
"1626","atlanta",30016
"1627","atlanta",30040
"1628","atlanta",30015
"1629","atlanta",30215
"1630","atlanta",30519
"1631","atlanta",30041
"1632","atlanta",30187
"1633","atlanta",30157
"1634","atlanta",30269
"1635","atlanta",30284
"1636","atlanta",30270
"1637","atlanta",30018
"1638","atlanta",30014
"1639","atlanta",30011
"1640","atlanta",30277
"1641","atlanta",30114
"1642","atlanta",30132
"1643","atlanta",30620
"1644","atlanta",30248
"1645","atlanta",30265
"1646","atlanta",30137
"1647","atlanta",30180
"1648","atlanta",30542
"1649","atlanta",30028
"1650","atlanta",30223
"1651","atlanta",30656
"1652","atlanta",30655
"1653","atlanta",30212
"1654","atlanta",30289
"1655","atlanta",30234
"1656","atlanta",30205
"1657","atlanta",30107
"1658","atlanta",30025
"1659","atlanta",30548
"1660","atlanta",30121
"1661","atlanta",30502
"1662","atlanta",30179
"1663","atlanta",30185
"1664","atlanta",30276
"1665","atlanta",30517
"1666","atlanta",30184
"1667","atlanta",30680
"1668","atlanta",30233
"1669","atlanta",30566
"1670","atlanta",30264
"1671","atlanta",30055
"1672","atlanta",30271
"1673","atlanta",30275
"1674","atlanta",30183
"1675","atlanta",30120
"1676","atlanta",30151
"1677","atlanta",30504
"1678","atlanta",30224
"1679","atlanta",30229
"1680","atlanta",30263
"1681","atlanta",30178
"1682","atlanta",30259
"1683","atlanta",30266
"1684","atlanta",30116
"1685","atlanta",30123
"1686","atlanta",30177
"1687","atlanta",30641
"1688","atlanta",30153
"1689","atlanta",30663
"1690","atlanta",30666
"1691","atlanta",30506
"1692","atlanta",30575
"1693","atlanta",30292
"1694","atlanta",30056
"1695","atlanta",30503
"1696","atlanta",30507
"1697","atlanta",30112
"1698","atlanta",30148
"1699","atlanta",30119
"1700","atlanta",30216
"1701","atlanta",30171
"1702","atlanta",30567
"1703","atlanta",30501
"1704","atlanta",30143
"1705","atlanta",30257
"1706","atlanta",30104
"1707","atlanta",30623
"1708","atlanta",30534
"1709","atlanta",30622
"1710","atlanta",30118
"1711","atlanta",30110
"1712","atlanta",31085
"1713","atlanta",30645
"1714","atlanta",30251
"1715","atlanta",30549
"1716","atlanta",30109
"1717","atlanta",30220
"1718","atlanta",30295
"1719","atlanta",30145
"1720","atlanta",30206
"1721","atlanta",30117
"1722","atlanta",30621
"1723","atlanta",30218
"1724","atlanta",30139
"1725","atlanta",30113
"1726","atlanta",30140
"1727","atlanta",31064
"1728","atlanta",30150
"1729","atlanta",30677
"1730","atlanta",30638
"1731","atlanta",30543
"1732","atlanta",30173
"1733","atlanta",30606
"1734","atlanta",30204
"1735","atlanta",30103
"1736","atlanta",30650
"1737","atlanta",30607
"1738","atlanta",30564
"1739","atlanta",30182
"1740","atlanta",30256
"1741","atlanta",30175
"1742","atlanta",30597
"1743","atlanta",30558
"1744","atlanta",30734
"1745","atlanta",30609
"1746","atlanta",30170
"1747","atlanta",30176
"1748","atlanta",30125
"1749","atlanta",30602
"1750","atlanta",30603
"1751","atlanta",30604
"1752","atlanta",30608
"1753","atlanta",30612
"1754","atlanta",30285
"1755","atlanta",30529
"1756","atlanta",30565
"1757","atlanta",30258
"1758","atlanta",30147
"1759","atlanta",30230
"1760","atlanta",30108
"1761","atlanta",30222
"1762","atlanta",30527
"1763","atlanta",30533
"1764","atlanta",30599
"1765","atlanta",30732
"1766","atlanta",30172
"1767","atlanta",30162
"1768","atlanta",30164
"1769","atlanta",30554
"1770","atlanta",30601
"1771","atlanta",30293
"1772","atlanta",31029
"1773","atlanta",30605
"1774","atlanta",30217
"1775","atlanta",30625
"1776","atlanta",30733
"1777","atlanta",30536
"1778","atlanta",30701
